{
  "config": {
    "model_name": "Qwen/Qwen2.5-1.5B-Instruct",
    "rank": 4,
    "key_dim": 32,
    "target_modules": [
      "q_proj",
      "v_proj"
    ],
    "epochs_per_task": 3,
    "batch_size": 8,
    "gradient_accumulation_steps": 2,
    "max_seq_len": 512,
    "learning_rate": 0.0001,
    "seed": 42,
    "max_samples_per_task": 1000,
    "eval_samples": 200,
    "tasks": [
      "code",
      "math",
      "creative"
    ]
  },
  "base_ppl": {
    "code": 5.872482604345346,
    "math": 3.6951571221570396,
    "creative": 11.76529284399789
  },
  "rsm_net": {
    "code": [
      1.9302322087063948,
      2.188217322939218,
      2.0297894056206225
    ],
    "math": [
      1.319312033415481,
      1.7991680813870434
    ],
    "creative": [
      3.5109655469251595
    ]
  },
  "naive_lora": {
    "code": [
      1.984647610703488,
      2.179450618127398,
      2.0392045821132774
    ],
    "math": [
      1.3356477242995624,
      1.6208741293848543
    ],
    "creative": [
      3.535300586781361
    ]
  },
  "lora_seq": {
    "code": [
      1.9299144624655982,
      2.178170014258002,
      2.0417388209744685
    ],
    "math": [
      1.3200808944456743,
      1.829058412775301
    ],
    "creative": [
      3.506633066405258
    ]
  },
  "gate_matrix": [
    [
      0.32472655177116394,
      0.33824217319488525,
      0.33710938692092896
    ],
    [
      0.3162499964237213,
      0.3414843678474426,
      0.3421093821525574
    ],
    [
      0.32664063572883606,
      0.33906251192092896,
      0.3342968821525574
    ]
  ],
  "metrics": {
    "RSM-Net": {
      "avg_ppl": 2.4466410113109416,
      "avg_forgetting": 0.289706622442895
    },
    "Naive LoRA": {
      "avg_ppl": 2.3984597660931644,
      "avg_forgetting": 0.16989168824754064
    },
    "LoRA-Seq": {
      "avg_ppl": 2.4591434333850093,
      "avg_forgetting": 0.31040093841924843
    }
  },
  "times": {
    "rsm_net": 244.74967670440674,
    "naive_lora": 203.36295628547668,
    "lora_seq": 221.72994351387024
  }
}