{
  "config": {
    "model_name": "Qwen/Qwen2.5-1.5B-Instruct",
    "key_dim": 32,
    "target_modules": [
      "q_proj",
      "v_proj"
    ],
    "epochs_per_task": 3,
    "batch_size": 8,
    "gradient_accumulation_steps": 2,
    "max_seq_len": 512,
    "learning_rate": 0.0001,
    "seed": 42,
    "max_samples_per_task": 1000,
    "eval_samples": 200,
    "tasks": [
      "code",
      "math",
      "creative"
    ],
    "ranks": [
      4,
      32,
      64
    ]
  },
  "base_ppl": {
    "code": 5.872482604345346,
    "math": 3.6951571221570396,
    "creative": 11.76529284399789
  },
  "results": {
    "4": {
      "RSM-Net": {
        "code": [
          1.9302322087063948,
          2.188217322939218,
          2.0297894056206225
        ],
        "math": [
          1.319312033415481,
          1.7991680813870434
        ],
        "creative": [
          3.5109655469251595
        ]
      },
      "Naive LoRA": {
        "code": [
          1.984647610703488,
          2.179450618127398,
          2.0392045821132774
        ],
        "math": [
          1.3356477242995624,
          1.6208741293848543
        ],
        "creative": [
          3.535300586781361
        ]
      },
      "times": {
        "rsm": 252.7820291519165,
        "naive": 206.23846220970154
      }
    },
    "32": {
      "RSM-Net": {
        "code": [
          1.969762070661282,
          2.1251887348139777,
          2.0591632837836453
        ],
        "math": [
          1.3287958777976423,
          1.8687626243402962
        ],
        "creative": [
          3.4938419632539657
        ]
      },
      "Naive LoRA": {
        "code": [
          1.9353856933983475,
          2.138067996452036,
          2.0312265811907024
        ],
        "math": [
          1.314075280856428,
          1.6094784998324483
        ],
        "creative": [
          3.487236847761742
        ]
      },
      "times": {
        "rsm": 290.59063506126404,
        "naive": 216.93715047836304
      }
    },
    "64": {
      "RSM-Net": {
        "code": [
          2.018122034602752,
          2.1279742453931103,
          2.080217240429871
        ],
        "math": [
          1.3533815444416055,
          1.814626107320188
        ],
        "creative": [
          3.5330471635002687
        ]
      },
      "Naive LoRA": {
        "code": [
          1.9285763107482812,
          2.1224747870990264,
          2.038448275328342
        ],
        "math": [
          1.3153191770451615,
          1.5670053516250166
        ],
        "creative": [
          3.488421609236963
        ]
      },
      "times": {
        "rsm": 291.0063738822937,
        "naive": 219.07455682754517
      }
    }
  },
  "gate_matrices": {
    "4": [
      [
        0.32472655177116394,
        0.33824217319488525,
        0.33710938692092896
      ],
      [
        0.3162499964237213,
        0.3414843678474426,
        0.3421093821525574
      ],
      [
        0.32664063572883606,
        0.33906251192092896,
        0.3342968821525574
      ]
    ],
    "32": [
      [
        0.33812499046325684,
        0.33363282680511475,
        0.32820311188697815
      ],
      [
        0.33617186546325684,
        0.3433203101158142,
        0.32039061188697815
      ],
      [
        0.3366015553474426,
        0.33253905177116394,
        0.3306249976158142
      ]
    ],
    "64": [
      [
        0.33250001072883606,
        0.3324609398841858,
        0.33515626192092896
      ],
      [
        0.3298046886920929,
        0.33710938692092896,
        0.33308592438697815
      ],
      [
        0.3296484351158142,
        0.3346484303474426,
        0.3356640636920929
      ]
    ]
  }
}