{
  "config": {
    "model_name": "Qwen/Qwen2.5-1.5B-Instruct",
    "rank": 4,
    "key_dim": 32,
    "target_modules": [
      "q_proj",
      "v_proj"
    ],
    "unfrozen_layers": 8,
    "epochs_per_task": 3,
    "batch_size": 8,
    "gradient_accumulation_steps": 2,
    "max_seq_len": 512,
    "learning_rate": 0.0001,
    "seed": 42,
    "max_samples_per_task": 1000,
    "eval_samples": 200,
    "tasks": [
      "code",
      "math",
      "creative"
    ]
  },
  "base_ppl": {
    "code": 5.872482604345346,
    "math": 3.6951571221570396,
    "creative": 11.76529284399789
  },
  "frozen_naive": {
    "code": [
      1.9740438231074926,
      2.1661279316469924,
      2.0304130509684546
    ],
    "math": [
      1.3345412443448366,
      1.5895739267034423
    ],
    "creative": [
      3.536234922973211
    ]
  },
  "unfrozen_naive": {
    "code": [
      2.4017106515391187,
      2.732401904856843,
      2.724774136549209
    ],
    "math": [
      1.7102432371810166,
      1.9148878302255274
    ],
    "creative": [
      5.916368894944419
    ]
  },
  "unfrozen_rsm": {
    "code": [
      2.3850181504147794,
      2.4799563195705527,
      2.726240191664597
    ],
    "math": [
      1.5305457801711075,
      1.7582306309177287
    ],
    "creative": [
      5.513752557549145
    ]
  },
  "gate_matrix": [
    [
      0.33445313572883606,
      0.33042967319488525,
      0.3349609375
    ],
    [
      0.3380078077316284,
      0.3316406309604645,
      0.3304687440395355
    ],
    [
      0.3359375,
      0.32859376072883606,
      0.3355078101158142
    ]
  ],
  "forgetting": {
    "frozen_naive": 0.15570095510978388,
    "unfrozen_naive": 0.26385403902730054,
    "unfrozen_rsm": 0.2844534459982193
  }
}