{
  "config": {
    "n_layers": 12,
    "hidden_dim": 512,
    "n_heads": 8,
    "vocab_size": 50257,
    "max_seq_len": 512,
    "rank": 8,
    "key_dim": 64,
    "scale": 1.0,
    "epochs_per_task": 3,
    "batch_size": 16,
    "gradient_accumulation_steps": 2,
    "learning_rate": 0.0003,
    "seed": 42,
    "max_samples": 2000,
    "eval_samples": 400,
    "tasks": [
      "code",
      "math",
      "creative"
    ]
  },
  "training": {
    "code": [
      27.895337898052723,
      82.9164691527516,
      48.34471743458681
    ],
    "math": [
      101.2485987245329,
      341.0018982364869
    ],
    "creative": [
      209.2886157284869
    ]
  },
  "gates": [
    [
      0.3397460877895355,
      0.3338671922683716,
      0.32636719942092896
    ],
    [
      0.32982420921325684,
      0.33638671040534973,
      0.3337109386920929
    ],
    [
      0.33488282561302185,
      0.33423829078674316,
      0.3308789134025574
    ]
  ],
  "spec": {
    "0": {
      "code": {
        "ppl": 65.27980511659005,
        "delta": 16.935087682003243
      },
      "math": {
        "ppl": 1253.1898800787865,
        "delta": 912.1879818422996
      },
      "creative": {
        "ppl": 499.05156888421305,
        "delta": 289.76295315572617
      }
    },
    "1": {
      "code": {
        "ppl": 48.71061791447513,
        "delta": 0.3659004798883174
      },
      "math": {
        "ppl": 665.2151038250441,
        "delta": 324.21320558855723
      },
      "creative": {
        "ppl": 260.1714622520824,
        "delta": 50.882846523595504
      }
    },
    "2": {
      "code": {
        "ppl": 59.69907572332621,
        "delta": 11.354358288739398
      },
      "math": {
        "ppl": 238.83543234218757,
        "delta": -102.16646589429934
      },
      "creative": {
        "ppl": 401.7630332765912,
        "delta": 192.47441754810433
      }
    }
  },
  "ppl_base": {
    "code": 48.34471743458681,
    "math": 341.0018982364869,
    "creative": 209.2886157284869
  },
  "removal": {
    "before": {
      "code": 48.34471743458681,
      "math": 341.0018982364869,
      "creative": 209.2886157284869
    },
    "after": {
      "code": 59.69907572332621,
      "math": 238.83543234218757
    },
    "clean": false
  },
  "specialization_found": true,
  "params": 80008192,
  "time": 122.26764011383057
}